symbol,window_start,window_end,regime,trades,wins,losses,gross_profit,gross_loss,total_return_pct,max_drawdown_pct,exit_reasons
frxEURUSD,2025-07-09,2025-10-07,ranging/med-vol,3,0,3,0.00,0.42,-4.15,4.15,"BIAS_REVERSAL:2 EOD_MARK:1"
frxEURUSD,2025-08-08,2025-11-06,ranging/low-vol,2,0,2,0.00,0.32,-3.17,3.17,"BIAS_REVERSAL:2"
frxEURUSD,2025-09-07,2025-12-06,ranging/low-vol,2,0,2,0.00,0.20,-1.95,1.95,"BIAS_REVERSAL:1 EOD_MARK:1"
frxEURUSD,2025-10-07,2026-01-05,ranging/low-vol,1,1,0,0.12,0.00,1.18,0,"BIAS_REVERSAL:1"
frxEURUSD,2025-11-06,2026-02-04,ranging/low-vol,1,1,0,0.12,0.00,1.18,0,"BIAS_REVERSAL:1"
frxEURUSD,2025-12-06,2026-03-06,trending/low-vol,1,1,0,0.00,0.00,0.04,0,"BIAS_REVERSAL:1"
frxEURUSD,2026-01-05,2026-04-05,ranging/med-vol,1,1,0,0.01,0.00,0.15,0,"EOD_MARK:1"
frxEURUSD,2026-02-04,2026-05-05,ranging/med-vol,1,0,1,0.00,0.20,-1.99,1.99,"BIAS_REVERSAL:1"
frxEURUSD,2026-03-06,2026-06-04,ranging/low-vol,2,1,1,0.01,0.20,-1.93,1.99,"BIAS_REVERSAL:1 EOD_MARK:1"
frxEURUSD,2026-04-05,2026-07-04,ranging/low-vol,1,1,0,0.15,0.00,1.53,0,"EOD_MARK:1"
frxGBPUSD,2025-07-09,2025-10-07,ranging/med-vol,3,0,3,0.00,0.32,-3.17,3.17,"BIAS_REVERSAL:3"
frxGBPUSD,2025-08-08,2025-11-06,ranging/med-vol,2,1,1,0.13,0.12,0.07,1.19,"BIAS_REVERSAL:1 EOD_MARK:1"
frxGBPUSD,2025-09-07,2025-12-06,ranging/low-vol,2,1,1,0.07,0.12,-0.52,1.19,"BIAS_REVERSAL:2"
frxGBPUSD,2025-10-07,2026-01-05,ranging/low-vol,2,2,0,0.07,0.00,0.73,0,"BIAS_REVERSAL:1 EOD_MARK:1"
frxGBPUSD,2025-11-06,2026-02-04,ranging/low-vol,1,1,0,0.01,0.00,0.11,0,"BIAS_REVERSAL:1"
frxGBPUSD,2025-12-06,2026-03-06,ranging/med-vol,1,1,0,0.01,0.00,0.11,0,"BIAS_REVERSAL:1"
frxGBPUSD,2026-01-05,2026-04-05,trending/med-vol,1,1,0,0.12,0.00,1.19,0,"EOD_MARK:1"
frxGBPUSD,2026-02-04,2026-05-05,ranging/med-vol,1,0,1,0.00,0.12,-1.17,1.17,"BIAS_REVERSAL:1"
frxGBPUSD,2026-03-06,2026-06-04,ranging/med-vol,2,0,2,0.00,0.14,-1.4,1.4,"BIAS_REVERSAL:1 EOD_MARK:1"
frxGBPUSD,2026-04-05,2026-07-04,ranging/med-vol,1,1,0,0.04,0.00,0.36,0,"EOD_MARK:1"
frxUSDJPY,2025-07-09,2025-10-07,ranging/med-vol,3,1,2,0.01,0.38,-3.76,3.76,"BIAS_REVERSAL:2 EOD_MARK:1"
frxUSDJPY,2025-08-08,2025-11-06,ranging/med-vol,2,0,2,0.00,0.45,-4.45,4.45,"BIAS_REVERSAL:2"
frxUSDJPY,2025-09-07,2025-12-06,ranging/med-vol,2,1,1,0.08,0.41,-3.25,4.08,"BIAS_REVERSAL:1 EOD_MARK:1"
frxUSDJPY,2025-10-07,2026-01-05,ranging/med-vol,1,1,0,0.18,0.00,1.85,0,"EOD_MARK:1"
frxUSDJPY,2025-11-06,2026-02-04,trending/med-vol,1,1,0,0.16,0.00,1.59,0,"EOD_MARK:1"
frxUSDJPY,2025-12-06,2026-03-06,ranging/med-vol,1,0,1,0.00,0.18,-1.79,1.79,"BIAS_REVERSAL:1"
frxUSDJPY,2026-01-05,2026-04-05,trending/med-vol,2,1,1,0.07,0.32,-2.44,3.17,"BIAS_REVERSAL:1 EOD_MARK:1"
frxUSDJPY,2026-02-04,2026-05-05,ranging/med-vol,1,0,1,0.00,0.08,-0.79,0.79,"EOD_MARK:1"
frxUSDJPY,2026-03-06,2026-06-04,trending/low-vol,1,1,0,0.11,0.00,1.05,0,"EOD_MARK:1"
frxUSDJPY,2026-04-05,2026-07-04,trending/low-vol,1,1,0,0.10,0.00,1.04,0,"EOD_MARK:1"
frxUSDCHF,2025-07-09,2025-10-07,ranging/med-vol,3,0,3,0.00,0.55,-5.52,5.52,"BIAS_REVERSAL:3"
frxUSDCHF,2025-08-08,2025-11-06,ranging/med-vol,1,0,1,0.00,0.22,-2.24,2.24,"BIAS_REVERSAL:1"
frxUSDCHF,2025-09-07,2025-12-06,ranging/med-vol,0,0,0,0.00,0.00,0,0,""
frxUSDCHF,2025-10-07,2026-01-05,ranging/med-vol,0,0,0,0.00,0.00,0,0,""
frxUSDCHF,2025-11-06,2026-02-04,ranging/med-vol,0,0,0,0.00,0.00,0,0,""
frxUSDCHF,2025-12-06,2026-03-06,ranging/med-vol,0,0,0,0.00,0.00,0,0,""
frxUSDCHF,2026-01-05,2026-04-05,ranging/med-vol,1,1,0,0.16,0.00,1.58,0,"EOD_MARK:1"
frxUSDCHF,2026-02-04,2026-05-05,ranging/med-vol,1,0,1,0.00,0.08,-0.8,0.8,"BIAS_REVERSAL:1"
frxUSDCHF,2026-03-06,2026-06-04,ranging/med-vol,1,0,1,0.00,0.08,-0.8,0.8,"BIAS_REVERSAL:1"
frxUSDCHF,2026-04-05,2026-07-04,ranging/med-vol,1,1,0,0.05,0.00,0.47,0,"EOD_MARK:1"
frxAUDUSD,2025-07-09,2025-10-07,ranging/med-vol,2,0,2,0.00,0.27,-2.7,2.7,"BIAS_REVERSAL:2"
frxAUDUSD,2025-08-08,2025-11-06,ranging/med-vol,1,0,1,0.00,0.11,-1.1,1.1,"BIAS_REVERSAL:1"
frxAUDUSD,2025-09-07,2025-12-06,ranging/med-vol,0,0,0,0.00,0.00,0,0,""
frxAUDUSD,2025-10-07,2026-01-05,ranging/med-vol,0,0,0,0.00,0.00,0,0,""
frxAUDUSD,2025-11-06,2026-02-04,trending/med-vol,1,1,0,0.44,0.00,4.43,0,"EOD_MARK:1"
frxAUDUSD,2025-12-06,2026-03-06,ranging/med-vol,1,1,0,0.45,0.00,4.48,0,"EOD_MARK:1"
frxAUDUSD,2026-01-05,2026-04-05,ranging/med-vol,1,1,0,0.25,0.00,2.49,0,"EOD_MARK:1"
frxAUDUSD,2026-02-04,2026-05-05,ranging/med-vol,1,0,1,0.00,0.21,-2.09,2.09,"BIAS_REVERSAL:1"
frxAUDUSD,2026-03-06,2026-06-04,ranging/med-vol,1,0,1,0.00,0.28,-2.83,2.83,"BIAS_REVERSAL:1"
frxAUDUSD,2026-04-05,2026-07-04,ranging/med-vol,1,1,0,0.02,0.00,0.16,0,"EOD_MARK:1"
frxUSDCAD,2025-07-09,2025-10-07,ranging/low-vol,2,2,0,0.09,0.00,0.95,0,"BIAS_REVERSAL:1 EOD_MARK:1"
frxUSDCAD,2025-08-08,2025-11-06,trending/low-vol,2,1,1,0.18,0.02,1.57,0.24,"BIAS_REVERSAL:1 EOD_MARK:1"
frxUSDCAD,2025-09-07,2025-12-06,ranging/low-vol,1,1,0,0.09,0.00,0.89,0,"BIAS_REVERSAL:1"
frxUSDCAD,2025-10-07,2026-01-05,ranging/low-vol,2,0,2,0.00,0.09,-0.89,0.89,"BIAS_REVERSAL:1 EOD_MARK:1"
frxUSDCAD,2025-11-06,2026-02-04,ranging/low-vol,1,0,1,0.00,0.12,-1.24,1.24,"BIAS_REVERSAL:1"
frxUSDCAD,2025-12-06,2026-03-06,ranging/low-vol,1,0,1,0.00,0.12,-1.24,1.24,"BIAS_REVERSAL:1"
frxUSDCAD,2026-01-05,2026-04-05,trending/low-vol,1,1,0,0.21,0.00,2.11,0,"EOD_MARK:1"
frxUSDCAD,2026-02-04,2026-05-05,ranging/low-vol,1,0,1,0.00,0.05,-0.54,0.54,"BIAS_REVERSAL:1"
frxUSDCAD,2026-03-06,2026-06-04,trending/low-vol,2,1,1,0.04,0.05,-0.14,0.54,"BIAS_REVERSAL:1 EOD_MARK:1"
frxUSDCAD,2026-04-05,2026-07-04,trending/low-vol,1,1,0,0.25,0.00,2.49,0,"EOD_MARK:1"
frxNZDUSD,2025-07-09,2025-10-07,ranging/med-vol,2,1,1,0.11,0.16,-0.47,1.57,"BIAS_REVERSAL:2"
frxNZDUSD,2025-08-08,2025-11-06,ranging/med-vol,2,1,1,0.04,0.21,-1.63,2.07,"BIAS_REVERSAL:1 EOD_MARK:1"
frxNZDUSD,2025-09-07,2025-12-06,ranging/med-vol,1,0,1,0.00,0.10,-0.96,0.96,"BIAS_REVERSAL:1"
frxNZDUSD,2025-10-07,2026-01-05,ranging/med-vol,1,0,1,0.00,0.10,-0.96,0.96,"BIAS_REVERSAL:1"
frxNZDUSD,2025-11-06,2026-02-04,ranging/med-vol,0,0,0,0.00,0.00,0,0,""
frxNZDUSD,2025-12-06,2026-03-06,ranging/med-vol,1,0,1,0.00,0.20,-2.04,2.04,"EOD_MARK:1"
frxNZDUSD,2026-01-05,2026-04-05,ranging/med-vol,2,1,1,0.00,0.38,-3.75,3.78,"BIAS_REVERSAL:1 EOD_MARK:1"
frxNZDUSD,2026-02-04,2026-05-05,ranging/med-vol,2,0,2,0.00,0.76,-7.59,7.59,"BIAS_REVERSAL:2"
frxNZDUSD,2026-03-06,2026-06-04,ranging/med-vol,1,0,1,0.00,0.38,-3.81,3.81,"BIAS_REVERSAL:1"
frxNZDUSD,2026-04-05,2026-07-04,ranging/med-vol,2,1,1,0.05,0.14,-0.94,1.4,"BIAS_REVERSAL:1 EOD_MARK:1"
frxGBPJPY,2025-07-09,2025-10-07,ranging/low-vol,2,0,2,0.00,0.05,-0.49,0.49,"BIAS_REVERSAL:2"
frxGBPJPY,2025-08-08,2025-11-06,ranging/low-vol,1,0,1,0.00,0.02,-0.15,0.15,"BIAS_REVERSAL:1"
frxGBPJPY,2025-09-07,2025-12-06,ranging/med-vol,1,1,0,0.12,0.00,1.16,0,"EOD_MARK:1"
frxGBPJPY,2025-10-07,2026-01-05,ranging/med-vol,1,1,0,0.29,0.00,2.94,0,"EOD_MARK:1"
frxGBPJPY,2025-11-06,2026-02-04,trending/med-vol,1,1,0,0.33,0.00,3.28,0,"BIAS_REVERSAL:1"
frxGBPJPY,2025-12-06,2026-03-06,ranging/med-vol,1,1,0,0.15,0.00,1.5,0,"BIAS_REVERSAL:1"
frxGBPJPY,2026-01-05,2026-04-05,ranging/med-vol,1,0,1,0.00,0.07,-0.72,0.72,"EOD_MARK:1"
frxGBPJPY,2026-02-04,2026-05-05,ranging/med-vol,1,1,0,0.03,0.00,0.35,0,"EOD_MARK:1"
frxGBPJPY,2026-03-06,2026-06-04,ranging/low-vol,1,1,0,0.12,0.00,1.19,0,"EOD_MARK:1"
frxGBPJPY,2026-04-05,2026-07-04,ranging/low-vol,1,1,0,0.18,0.00,1.8,0,"EOD_MARK:1"
frxEURGBP,2025-07-09,2025-10-07,ranging/low-vol,4,2,2,0.04,0.13,-0.87,1.31,"BIAS_REVERSAL:4"
frxEURGBP,2025-08-08,2025-11-06,ranging/low-vol,2,2,0,0.04,0.00,0.44,0,"BIAS_REVERSAL:2"
frxEURGBP,2025-09-07,2025-12-06,ranging/low-vol,0,0,0,0.00,0.00,0,0,""
frxEURGBP,2025-10-07,2026-01-05,ranging/low-vol,1,1,0,0.01,0.00,0.1,0,"EOD_MARK:1"
frxEURGBP,2025-11-06,2026-02-04,ranging/low-vol,1,1,0,0.11,0.00,1.08,0,"EOD_MARK:1"
frxEURGBP,2025-12-06,2026-03-06,ranging/low-vol,1,0,1,0.00,0.01,-0.09,0.09,"BIAS_REVERSAL:1"
frxEURGBP,2026-01-05,2026-04-05,ranging/low-vol,0,0,0,0.00,0.00,0,0,""
frxEURGBP,2026-02-04,2026-05-05,ranging/low-vol,0,0,0,0.00,0.00,0,0,""
frxEURGBP,2026-03-06,2026-06-04,ranging/low-vol,0,0,0,0.00,0.00,0,0,""
frxEURGBP,2026-04-05,2026-07-04,ranging/low-vol,0,0,0,0.00,0.00,0,0,""
frxEURCHF,2025-07-09,2025-10-07,ranging/low-vol,1,0,1,0.00,0.07,-0.72,0.72,"BIAS_REVERSAL:1"
frxEURCHF,2025-08-08,2025-11-06,ranging/low-vol,1,0,1,0.00,0.09,-0.91,0.91,"EOD_MARK:1"
frxEURCHF,2025-09-07,2025-12-06,ranging/low-vol,1,0,1,0.00,0.07,-0.65,0.65,"BIAS_REVERSAL:1"
frxEURCHF,2025-10-07,2026-01-05,ranging/low-vol,1,0,1,0.00,0.07,-0.65,0.65,"BIAS_REVERSAL:1"
frxEURCHF,2025-11-06,2026-02-04,ranging/low-vol,1,0,1,0.00,0.01,-0.05,0.05,"BIAS_REVERSAL:1"
frxEURCHF,2025-12-06,2026-03-06,ranging/low-vol,0,0,0,0.00,0.00,0,0,""
frxEURCHF,2026-01-05,2026-04-05,ranging/low-vol,0,0,0,0.00,0.00,0,0,""
frxEURCHF,2026-02-04,2026-05-05,ranging/low-vol,0,0,0,0.00,0.00,0,0,""
frxEURCHF,2026-03-06,2026-06-04,ranging/low-vol,1,0,1,0.00,0.05,-0.5,0.5,"BIAS_REVERSAL:1"
frxEURCHF,2026-04-05,2026-07-04,ranging/low-vol,1,0,1,0.00,0.05,-0.5,0.5,"BIAS_REVERSAL:1"
frxEURCAD,2025-07-09,2025-10-07,ranging/low-vol,1,1,0,0.19,0.00,1.94,0,"EOD_MARK:1"
frxEURCAD,2025-08-08,2025-11-06,ranging/low-vol,1,1,0,0.08,0.00,0.8,0,"EOD_MARK:1"
frxEURCAD,2025-09-07,2025-12-06,ranging/low-vol,1,0,1,0.00,0.03,-0.27,0.27,"BIAS_REVERSAL:1"
frxEURCAD,2025-10-07,2026-01-05,ranging/low-vol,1,0,1,0.00,0.07,-0.66,0.66,"BIAS_REVERSAL:1"
frxEURCAD,2025-11-06,2026-02-04,ranging/low-vol,0,0,0,0.00,0.00,0,0,""
frxEURCAD,2025-12-06,2026-03-06,ranging/low-vol,0,0,0,0.00,0.00,0,0,""
frxEURCAD,2026-01-05,2026-04-05,ranging/low-vol,1,0,1,0.00,0.25,-2.52,2.52,"EOD_MARK:1"
frxEURCAD,2026-02-04,2026-05-05,ranging/low-vol,1,0,1,0.00,0.37,-3.67,3.67,"BIAS_REVERSAL:1"
frxEURCAD,2026-03-06,2026-06-04,ranging/low-vol,2,1,1,0.00,0.32,-3.22,3.23,"BIAS_REVERSAL:1 EOD_MARK:1"
frxEURCAD,2026-04-05,2026-07-04,ranging/low-vol,1,1,0,0.06,0.00,0.58,0,"EOD_MARK:1"
frxEURAUD,2025-07-09,2025-10-07,ranging/low-vol,3,1,2,0.02,0.05,-0.23,0.44,"BIAS_REVERSAL:3"
frxEURAUD,2025-08-08,2025-11-06,ranging/low-vol,2,1,1,0.02,0.00,0.21,0.02,"BIAS_REVERSAL:2"
frxEURAUD,2025-09-07,2025-12-06,ranging/med-vol,3,1,2,0.12,0.09,0.27,0.95,"BIAS_REVERSAL:2 EOD_MARK:1"
frxEURAUD,2025-10-07,2026-01-05,ranging/med-vol,1,1,0,0.14,0.00,1.45,0,"EOD_MARK:1"
frxEURAUD,2025-11-06,2026-02-04,ranging/med-vol,2,2,0,0.20,0.00,2.01,0,"BIAS_REVERSAL:1 EOD_MARK:1"
frxEURAUD,2025-12-06,2026-03-06,ranging/med-vol,2,2,0,0.20,0.00,2.04,0,"BIAS_REVERSAL:1 EOD_MARK:1"
frxEURAUD,2026-01-05,2026-04-05,ranging/med-vol,2,2,0,0.08,0.00,0.78,0,"BIAS_REVERSAL:1 EOD_MARK:1"
frxEURAUD,2026-02-04,2026-05-05,ranging/med-vol,1,1,0,0.03,0.00,0.33,0,"EOD_MARK:1"
frxEURAUD,2026-03-06,2026-06-04,ranging/low-vol,1,1,0,0.06,0.00,0.59,0,"EOD_MARK:1"
frxEURAUD,2026-04-05,2026-07-04,ranging/low-vol,1,0,1,0.00,0.13,-1.35,1.35,"BIAS_REVERSAL:1"
frxXAUUSD,2025-07-09,2025-10-07,trending/med-vol,3,2,1,1.65,0.10,15.46,1.01,"BIAS_REVERSAL:1 TP:1 EOD_MARK:1"
frxXAUUSD,2025-08-08,2025-11-06,trending/high-vol,2,2,0,1.69,0.00,16.89,0,"TP:1 EOD_MARK:1"
frxXAUUSD,2025-09-07,2025-12-06,ranging/high-vol,2,1,1,1.60,0.05,15.48,0.45,"TP:1 EOD_MARK:1"
frxXAUUSD,2025-10-07,2026-01-05,ranging/high-vol,1,1,0,0.97,0.00,9.71,0,"EOD_MARK:1"
frxXAUUSD,2025-11-06,2026-02-04,ranging/high-vol,2,1,1,1.60,0.80,8,6.9,"TP:1 SL:1"
frxXAUUSD,2025-12-06,2026-03-06,trending/high-vol,2,1,1,0.17,0.80,-6.25,8,"SL:1 EOD_MARK:1"
frxXAUUSD,2026-01-05,2026-04-05,ranging/high-vol,2,0,2,0.00,1.60,-16,16,"SL:2"
frxXAUUSD,2026-02-04,2026-05-05,ranging/high-vol,1,0,1,0.00,0.80,-8,8,"SL:1"
frxXAUUSD,2026-03-06,2026-06-04,ranging/high-vol,1,0,1,0.00,0.80,-8,8,"SL:1"
frxXAUUSD,2026-04-05,2026-07-04,ranging/high-vol,1,1,0,0.03,0.00,0.27,0,"EOD_MARK:1"
frxXAGUSD,2025-07-09,2025-10-07,trending/high-vol,2,2,0,2.48,0.00,24.83,0,"TP:1 EOD_MARK:1"
frxXAGUSD,2025-08-08,2025-11-06,trending/high-vol,4,3,1,3.29,0.80,24.86,6.06,"TP:2 SL:1 EOD_MARK:1"
frxXAGUSD,2025-09-07,2025-12-06,trending/high-vol,4,3,1,3.12,0.30,28.17,2.58,"TP:1 BIAS_REVERSAL:2 EOD_MARK:1"
frxXAGUSD,2025-10-07,2026-01-05,ranging/high-vol,3,2,1,1.93,0.80,11.28,8,"SL:1 BIAS_REVERSAL:1 TP:1"
frxXAGUSD,2025-11-06,2026-02-04,trending/high-vol,4,3,1,4.80,0.20,46.01,1.99,"BIAS_REVERSAL:1 TP:3"
frxXAGUSD,2025-12-06,2026-03-06,trending/high-vol,4,2,2,3.20,1.60,16,12.12,"TP:2 SL:2"
frxXAGUSD,2026-01-05,2026-04-05,ranging/high-vol,4,2,2,3.20,1.60,16,12.12,"TP:2 SL:2"
frxXAGUSD,2026-02-04,2026-05-05,ranging/high-vol,2,0,2,0.00,1.60,-16,16,"SL:2"
frxXAGUSD,2026-03-06,2026-06-04,ranging/high-vol,1,1,0,1.60,0.00,16,0,"TP:1"
frxXAGUSD,2026-04-05,2026-07-04,ranging/high-vol,2,2,0,1.98,0.00,19.8,0,"TP:1 EOD_MARK:1"
cryBTCUSD,2025-07-09,2025-10-07,ranging/high-vol,1,0,1,0.00,0.23,-2.33,2.33,"BIAS_REVERSAL:1"
cryBTCUSD,2025-08-08,2025-11-06,ranging/high-vol,1,0,1,0.00,0.11,-1.13,1.13,"BIAS_REVERSAL:1"
cryBTCUSD,2025-09-07,2025-12-06,ranging/high-vol,2,0,2,0.00,0.24,-2.38,2.38,"BIAS_REVERSAL:1 EOD_MARK:1"
cryBTCUSD,2025-10-07,2026-01-05,ranging/high-vol,2,0,2,0.00,0.36,-3.61,3.61,"BIAS_REVERSAL:2"
cryBTCUSD,2025-11-06,2026-02-04,ranging/high-vol,1,0,1,0.00,0.25,-2.48,2.48,"BIAS_REVERSAL:1"
cryBTCUSD,2025-12-06,2026-03-06,ranging/high-vol,2,1,1,0.04,0.00,0.36,0.01,"BIAS_REVERSAL:1 EOD_MARK:1"
cryBTCUSD,2026-01-05,2026-04-05,ranging/high-vol,1,0,1,0.00,0.28,-2.78,2.78,"BIAS_REVERSAL:1"
cryBTCUSD,2026-02-04,2026-05-05,ranging/high-vol,2,1,1,0.27,0.33,-0.58,3.27,"BIAS_REVERSAL:1 EOD_MARK:1"
cryBTCUSD,2026-03-06,2026-06-04,ranging/high-vol,2,0,2,0.00,0.94,-9.38,9.38,"BIAS_REVERSAL:2"
cryBTCUSD,2026-04-05,2026-07-04,ranging/high-vol,2,1,1,0.16,0.35,-1.92,3.52,"BIAS_REVERSAL:2"
cryETHUSD,2025-07-09,2025-10-07,ranging/high-vol,3,2,1,1.97,0.31,16.62,2.58,"BIAS_REVERSAL:2 TP:1"
cryETHUSD,2025-08-08,2025-11-06,ranging/high-vol,1,1,0,0.14,0.00,1.38,0,"BIAS_REVERSAL:1"
cryETHUSD,2025-09-07,2025-12-06,ranging/high-vol,1,1,0,0.23,0.00,2.29,0,"EOD_MARK:1"
cryETHUSD,2025-10-07,2026-01-05,ranging/high-vol,1,1,0,0.07,0.00,0.74,0,"BIAS_REVERSAL:1"
cryETHUSD,2025-11-06,2026-02-04,ranging/high-vol,1,1,0,0.07,0.00,0.74,0,"BIAS_REVERSAL:1"
cryETHUSD,2025-12-06,2026-03-06,ranging/high-vol,1,0,1,0.00,0.08,-0.83,0.83,"EOD_MARK:1"
cryETHUSD,2026-01-05,2026-04-05,ranging/high-vol,1,0,1,0.00,0.80,-8,8,"SL:1"
cryETHUSD,2026-02-04,2026-05-05,ranging/high-vol,2,1,1,0.56,0.80,-2.43,8,"SL:1 EOD_MARK:1"
cryETHUSD,2026-03-06,2026-06-04,ranging/high-vol,2,1,1,0.15,0.04,1.07,0.42,"BIAS_REVERSAL:1 EOD_MARK:1"
cryETHUSD,2026-04-05,2026-07-04,ranging/high-vol,3,1,2,0.09,0.51,-4.23,4.25,"BIAS_REVERSAL:3"
BOOM50,2025-11-26,2026-02-24,ranging/low-vol,2,0,2,0.00,0.05,-0.53,0.53,"BIAS_REVERSAL:2"
BOOM50,2025-12-26,2026-03-26,ranging/low-vol,0,0,0,0.00,0.00,0,0,""
BOOM50,2026-01-25,2026-04-25,ranging/low-vol,1,1,0,0.02,0.00,0.2,0,"BIAS_REVERSAL:1"
BOOM50,2026-02-24,2026-05-25,trending/low-vol,2,2,0,0.13,0.00,1.26,0,"BIAS_REVERSAL:1 EOD_MARK:1"
BOOM50,2026-03-26,2026-06-24,ranging/low-vol,4,3,1,0.11,0.01,0.94,0.11,"BIAS_REVERSAL:3 EOD_MARK:1"
BOOM500,2025-07-09,2025-10-07,ranging/high-vol,1,1,0,0.83,0.00,8.25,0,"EOD_MARK:1"
BOOM500,2025-08-08,2025-11-06,ranging/high-vol,2,2,0,0.75,0.00,7.47,0,"BIAS_REVERSAL:1 EOD_MARK:1"
BOOM500,2025-09-07,2025-12-06,ranging/high-vol,2,1,1,0.18,0.32,-1.43,3.24,"BIAS_REVERSAL:2"
BOOM500,2025-10-07,2026-01-05,ranging/high-vol,5,3,2,0.71,0.38,3.35,2.07,"BIAS_REVERSAL:4 EOD_MARK:1"
BOOM500,2025-11-06,2026-02-04,ranging/high-vol,3,2,1,0.76,0.17,5.86,1.7,"BIAS_REVERSAL:3"
BOOM500,2025-12-06,2026-03-06,ranging/high-vol,5,2,3,0.76,0.60,1.56,4.06,"BIAS_REVERSAL:5"
BOOM500,2026-01-05,2026-04-05,ranging/high-vol,4,1,3,0.07,0.49,-4.14,4.82,"BIAS_REVERSAL:3 EOD_MARK:1"
BOOM500,2026-02-04,2026-05-05,ranging/high-vol,3,0,3,0.00,0.50,-5.01,5.01,"BIAS_REVERSAL:3"
BOOM500,2026-03-06,2026-06-04,ranging/high-vol,2,0,2,0.00,0.26,-2.62,2.62,"BIAS_REVERSAL:2"
BOOM500,2026-04-05,2026-07-04,ranging/high-vol,1,0,1,0.00,0.19,-1.92,1.92,"BIAS_REVERSAL:1"
BOOM600,2025-07-09,2025-10-07,ranging/high-vol,4,3,1,0.36,0.58,-2.23,5.82,"BIAS_REVERSAL:3 EOD_MARK:1"
BOOM600,2025-08-08,2025-11-06,ranging/high-vol,4,1,3,0.25,0.85,-6.04,6.04,"BIAS_REVERSAL:4"
BOOM600,2025-09-07,2025-12-06,ranging/high-vol,4,1,3,0.25,0.58,-3.33,5.66,"BIAS_REVERSAL:4"
BOOM600,2025-10-07,2026-01-05,ranging/high-vol,2,0,2,0.00,0.39,-3.89,3.89,"BIAS_REVERSAL:2"
BOOM600,2025-11-06,2026-02-04,ranging/high-vol,1,0,1,0.00,0.31,-3.14,3.14,"BIAS_REVERSAL:1"
BOOM600,2025-12-06,2026-03-06,ranging/high-vol,1,1,0,0.10,0.00,0.95,0,"BIAS_REVERSAL:1"
BOOM600,2026-01-05,2026-04-05,ranging/high-vol,2,2,0,0.21,0.00,2.13,0,"BIAS_REVERSAL:1 EOD_MARK:1"
BOOM600,2026-02-04,2026-05-05,ranging/high-vol,3,1,2,0.10,0.31,-2.1,3.02,"BIAS_REVERSAL:2 EOD_MARK:1"
BOOM600,2026-03-06,2026-06-04,ranging/high-vol,3,0,3,0.00,1.05,-10.48,10.48,"BIAS_REVERSAL:3"
BOOM600,2026-04-05,2026-07-04,ranging/high-vol,3,0,3,0.00,1.30,-13.03,13.03,"BIAS_REVERSAL:3"
BOOM900,2025-07-09,2025-10-07,ranging/high-vol,3,0,3,0.00,0.42,-4.23,4.23,"BIAS_REVERSAL:3"
BOOM900,2025-08-08,2025-11-06,ranging/high-vol,2,1,1,0.12,0.11,0.15,1.08,"BIAS_REVERSAL:1 EOD_MARK:1"
BOOM900,2025-09-07,2025-12-06,ranging/high-vol,1,0,1,0.00,0.13,-1.32,1.32,"BIAS_REVERSAL:1"
BOOM900,2025-10-07,2026-01-05,ranging/high-vol,2,0,2,0.00,0.21,-2.13,2.13,"BIAS_REVERSAL:2"
BOOM900,2025-11-06,2026-02-04,ranging/high-vol,3,1,2,0.12,0.35,-2.23,3.47,"BIAS_REVERSAL:2 EOD_MARK:1"
BOOM900,2025-12-06,2026-03-06,trending/high-vol,2,1,1,0.21,0.08,1.31,0.8,"BIAS_REVERSAL:1 EOD_MARK:1"
BOOM900,2026-01-05,2026-04-05,ranging/high-vol,1,1,0,0.27,0.00,2.66,0,"BIAS_REVERSAL:1"
BOOM900,2026-02-04,2026-05-05,ranging/high-vol,1,1,0,0.09,0.00,0.87,0,"BIAS_REVERSAL:1"
BOOM900,2026-03-06,2026-06-04,ranging/high-vol,1,0,1,0.00,0.05,-0.54,0.54,"BIAS_REVERSAL:1"
BOOM900,2026-04-05,2026-07-04,ranging/high-vol,1,1,0,0.11,0.00,1.07,0,"EOD_MARK:1"
BOOM1000,2025-07-09,2025-10-07,ranging/high-vol,1,1,0,0.08,0.00,0.81,0,"BIAS_REVERSAL:1"
BOOM1000,2025-08-08,2025-11-06,ranging/high-vol,1,0,1,0.00,0.03,-0.26,0.26,"EOD_MARK:1"
BOOM1000,2025-09-07,2025-12-06,trending/high-vol,1,1,0,0.40,0.00,4,0,"EOD_MARK:1"
BOOM1000,2025-10-07,2026-01-05,trending/high-vol,2,1,1,0.18,0.11,0.64,1.1,"BIAS_REVERSAL:1 EOD_MARK:1"
BOOM1000,2025-11-06,2026-02-04,ranging/high-vol,3,2,1,0.24,0.15,0.88,1.45,"BIAS_REVERSAL:2 EOD_MARK:1"
BOOM1000,2025-12-06,2026-03-06,ranging/high-vol,2,1,1,0.51,0.15,3.64,1.47,"BIAS_REVERSAL:1 EOD_MARK:1"
BOOM1000,2026-01-05,2026-04-05,ranging/high-vol,2,2,0,0.51,0.00,5.09,0,"BIAS_REVERSAL:2"
BOOM1000,2026-02-04,2026-05-05,ranging/high-vol,4,3,1,0.45,0.11,3.41,1.08,"BIAS_REVERSAL:4"
BOOM1000,2026-03-06,2026-06-04,ranging/high-vol,3,2,1,0.17,0.11,0.61,1.11,"BIAS_REVERSAL:3"
BOOM1000,2026-04-05,2026-07-04,ranging/high-vol,2,1,1,0.06,0.11,-0.54,1.12,"BIAS_REVERSAL:2"
CRASH50,2025-11-26,2026-02-24,ranging/low-vol,4,3,1,0.05,0.01,0.37,0.12,"BIAS_REVERSAL:4"
CRASH50,2025-12-26,2026-03-26,ranging/low-vol,4,2,2,0.02,0.02,0.02,0.12,"BIAS_REVERSAL:3 EOD_MARK:1"
CRASH50,2026-01-25,2026-04-25,ranging/low-vol,2,1,1,0.01,0.04,-0.33,0.44,"BIAS_REVERSAL:2"
CRASH50,2026-02-24,2026-05-25,ranging/low-vol,2,0,2,0.00,0.07,-0.69,0.69,"BIAS_REVERSAL:2"
CRASH50,2026-03-26,2026-06-24,ranging/low-vol,2,0,2,0.00,0.03,-0.26,0.26,"BIAS_REVERSAL:1 EOD_MARK:1"
CRASH500,2025-07-09,2025-10-07,ranging/high-vol,3,3,0,0.60,0.00,6.01,0,"BIAS_REVERSAL:2 EOD_MARK:1"
CRASH500,2025-08-08,2025-11-06,ranging/high-vol,5,1,4,0.15,0.50,-3.5,4.82,"BIAS_REVERSAL:4 EOD_MARK:1"
CRASH500,2025-09-07,2025-12-06,ranging/high-vol,3,0,3,0.00,0.57,-5.72,5.72,"BIAS_REVERSAL:3"
CRASH500,2025-10-07,2026-01-05,trending/high-vol,3,0,3,0.00,0.70,-7.01,7.01,"BIAS_REVERSAL:3"
CRASH500,2025-11-06,2026-02-04,ranging/high-vol,3,0,3,0.00,0.40,-4.03,4.03,"BIAS_REVERSAL:3"
CRASH500,2025-12-06,2026-03-06,ranging/high-vol,3,1,2,0.07,0.13,-0.63,1.3,"BIAS_REVERSAL:3"
CRASH500,2026-01-05,2026-04-05,ranging/high-vol,3,0,3,0.00,0.51,-5.06,5.06,"BIAS_REVERSAL:3"
CRASH500,2026-02-04,2026-05-05,ranging/high-vol,2,1,1,0.19,0.22,-0.27,2.15,"BIAS_REVERSAL:1 EOD_MARK:1"
CRASH500,2026-03-06,2026-06-04,ranging/high-vol,3,2,1,0.23,0.22,0.11,2.15,"BIAS_REVERSAL:3"
CRASH500,2026-04-05,2026-07-04,ranging/high-vol,3,2,1,0.23,0.42,-1.96,4.22,"BIAS_REVERSAL:3"
CRASH600,2025-07-09,2025-10-07,ranging/high-vol,3,0,3,0.00,0.68,-6.82,6.82,"BIAS_REVERSAL:3"
CRASH600,2025-08-08,2025-11-06,ranging/high-vol,2,1,1,0.32,0.36,-0.35,3.58,"BIAS_REVERSAL:1 EOD_MARK:1"
CRASH600,2025-09-07,2025-12-06,ranging/high-vol,2,1,1,0.15,0.36,-2.06,3.58,"BIAS_REVERSAL:2"
CRASH600,2025-10-07,2026-01-05,ranging/high-vol,2,2,0,0.38,0.00,3.8,0,"BIAS_REVERSAL:1 EOD_MARK:1"
CRASH600,2025-11-06,2026-02-04,ranging/high-vol,3,2,1,0.47,0.06,4.1,0.63,"BIAS_REVERSAL:2 EOD_MARK:1"
CRASH600,2025-12-06,2026-03-06,ranging/high-vol,3,2,1,0.53,0.06,4.67,0.63,"BIAS_REVERSAL:2 EOD_MARK:1"
CRASH600,2026-01-05,2026-04-05,ranging/high-vol,3,1,2,0.15,0.35,-2,3.55,"BIAS_REVERSAL:3"
CRASH600,2026-02-04,2026-05-05,ranging/high-vol,1,0,1,0.00,0.38,-3.81,3.81,"BIAS_REVERSAL:1"
CRASH600,2026-03-06,2026-06-04,ranging/high-vol,2,1,1,0.27,0.29,-0.14,2.88,"BIAS_REVERSAL:1 EOD_MARK:1"
CRASH600,2026-04-05,2026-07-04,ranging/high-vol,2,2,0,0.21,0.00,2.15,0,"BIAS_REVERSAL:1 EOD_MARK:1"
CRASH900,2025-07-09,2025-10-07,ranging/high-vol,2,2,0,1.18,0.00,11.82,0,"BIAS_REVERSAL:1 EOD_MARK:1"
CRASH900,2025-08-08,2025-11-06,trending/high-vol,1,1,0,1.15,0.00,11.53,0,"BIAS_REVERSAL:1"
CRASH900,2025-09-07,2025-12-06,ranging/high-vol,1,1,0,0.77,0.00,7.67,0,"BIAS_REVERSAL:1"
CRASH900,2025-10-07,2026-01-05,ranging/high-vol,1,0,1,0.00,0.01,-0.12,0.12,"BIAS_REVERSAL:1"
CRASH900,2025-11-06,2026-02-04,ranging/high-vol,2,1,1,0.09,0.26,-1.66,2.57,"BIAS_REVERSAL:1 EOD_MARK:1"
CRASH900,2025-12-06,2026-03-06,ranging/high-vol,4,2,2,0.27,0.39,-1.18,2.57,"BIAS_REVERSAL:4"
CRASH900,2026-01-05,2026-04-05,ranging/high-vol,4,2,2,0.27,0.40,-1.31,2.69,"BIAS_REVERSAL:4"
CRASH900,2026-02-04,2026-05-05,ranging/high-vol,4,2,2,0.19,0.15,0.37,1.54,"BIAS_REVERSAL:3 EOD_MARK:1"
CRASH900,2026-03-06,2026-06-04,ranging/high-vol,1,1,0,0.09,0.00,0.89,0,"BIAS_REVERSAL:1"
CRASH900,2026-04-05,2026-07-04,ranging/high-vol,1,1,0,0.09,0.00,0.89,0,"BIAS_REVERSAL:1"
CRASH1000,2025-07-09,2025-10-07,ranging/high-vol,3,0,3,0.00,0.41,-4.08,4.08,"BIAS_REVERSAL:3"
CRASH1000,2025-08-08,2025-11-06,ranging/high-vol,3,0,3,0.00,0.44,-4.41,4.41,"BIAS_REVERSAL:3"
CRASH1000,2025-09-07,2025-12-06,ranging/high-vol,3,0,3,0.00,0.35,-3.46,3.46,"BIAS_REVERSAL:3"
CRASH1000,2025-10-07,2026-01-05,ranging/high-vol,2,0,2,0.00,0.31,-3.11,3.11,"BIAS_REVERSAL:2"
CRASH1000,2025-11-06,2026-02-04,ranging/high-vol,2,1,1,0.10,0.20,-1.04,2.01,"BIAS_REVERSAL:1 EOD_MARK:1"
CRASH1000,2025-12-06,2026-03-06,ranging/high-vol,2,1,1,0.90,0.20,7.03,2.01,"BIAS_REVERSAL:1 EOD_MARK:1"
CRASH1000,2026-01-05,2026-04-05,trending/high-vol,3,1,2,0.78,0.37,4.1,3.39,"BIAS_REVERSAL:3"
CRASH1000,2026-02-04,2026-05-05,ranging/high-vol,4,1,3,0.57,0.49,0.73,4.66,"BIAS_REVERSAL:3 EOD_MARK:1"
CRASH1000,2026-03-06,2026-06-04,ranging/high-vol,3,1,2,0.07,0.59,-5.14,5.88,"BIAS_REVERSAL:2 EOD_MARK:1"
CRASH1000,2026-04-05,2026-07-04,ranging/high-vol,2,1,1,0.14,0.27,-1.35,2.72,"BIAS_REVERSAL:1 EOD_MARK:1"
JD10,2025-07-09,2025-10-07,ranging/med-vol,3,1,2,0.12,0.21,-0.92,2.1,"BIAS_REVERSAL:3"
JD10,2025-08-08,2025-11-06,ranging/med-vol,3,2,1,0.30,0.10,1.99,1.01,"BIAS_REVERSAL:2 EOD_MARK:1"
JD10,2025-09-07,2025-12-06,ranging/med-vol,4,2,2,0.22,0.25,-0.29,1.61,"BIAS_REVERSAL:3 EOD_MARK:1"
JD10,2025-10-07,2026-01-05,ranging/med-vol,3,1,2,0.19,0.25,-0.67,2.47,"BIAS_REVERSAL:3"
JD10,2025-11-06,2026-02-04,ranging/med-vol,2,0,2,0.00,0.24,-2.43,2.43,"BIAS_REVERSAL:1 EOD_MARK:1"
JD10,2025-12-06,2026-03-06,ranging/med-vol,3,0,3,0.00,0.77,-7.68,7.68,"BIAS_REVERSAL:3"
JD10,2026-01-05,2026-04-05,ranging/med-vol,3,0,3,0.00,0.62,-6.21,6.21,"BIAS_REVERSAL:3"
JD10,2026-02-04,2026-05-05,ranging/med-vol,3,0,3,0.00,0.43,-4.31,4.31,"BIAS_REVERSAL:3"
JD10,2026-03-06,2026-06-04,ranging/med-vol,2,1,1,0.07,0.12,-0.58,1.25,"BIAS_REVERSAL:1 EOD_MARK:1"
JD10,2026-04-05,2026-07-04,ranging/med-vol,3,1,2,0.04,0.16,-1.23,1.25,"BIAS_REVERSAL:2 EOD_MARK:1"
JD25,2025-07-09,2025-10-07,trending/high-vol,3,2,1,0.36,0.80,-4.39,8,"SL:1 BIAS_REVERSAL:1 EOD_MARK:1"
JD25,2025-08-08,2025-11-06,ranging/high-vol,4,2,2,0.08,1.42,-13.48,14.23,"BIAS_REVERSAL:2 SL:1 EOD_MARK:1"
JD25,2025-09-07,2025-12-06,ranging/high-vol,4,1,3,0.04,2.21,-21.75,21.75,"SL:2 BIAS_REVERSAL:2"
JD25,2025-10-07,2026-01-05,ranging/high-vol,4,1,3,0.04,2.21,-21.75,22.05,"BIAS_REVERSAL:2 SL:2"
JD25,2025-11-06,2026-02-04,ranging/high-vol,3,1,2,0.61,1.60,-9.91,16,"SL:2 EOD_MARK:1"
JD25,2025-12-06,2026-03-06,ranging/high-vol,2,1,1,0.29,0.80,-5.07,8,"SL:1 BIAS_REVERSAL:1"
JD25,2026-01-05,2026-04-05,ranging/high-vol,2,1,1,0.29,0.17,1.21,1.67,"BIAS_REVERSAL:2"
JD25,2026-02-04,2026-05-05,ranging/high-vol,2,0,2,0.00,0.97,-9.72,9.72,"SL:1 BIAS_REVERSAL:1"
JD25,2026-03-06,2026-06-04,ranging/high-vol,2,0,2,0.00,0.20,-2.02,2.02,"BIAS_REVERSAL:1 EOD_MARK:1"
JD25,2026-04-05,2026-07-04,ranging/high-vol,1,1,0,0.82,0.00,8.21,0,"BIAS_REVERSAL:1"
JD50,2025-07-09,2025-10-07,trending/high-vol,6,4,2,3.79,1.06,27.29,6.9,"TP:2 SL:1 BIAS_REVERSAL:2 EOD_MARK:1"
JD50,2025-08-08,2025-11-06,ranging/high-vol,4,2,2,2.85,0.80,20.5,6.92,"TP:1 BIAS_REVERSAL:2 EOD_MARK:1"
JD50,2025-09-07,2025-12-06,ranging/high-vol,1,1,0,1.60,0.00,16,0,"TP:1"
JD50,2025-10-07,2026-01-05,ranging/high-vol,1,0,1,0.00,0.55,-5.51,5.51,"BIAS_REVERSAL:1"
JD50,2025-11-06,2026-02-04,ranging/high-vol,0,0,0,0.00,0.00,0,0,""
JD50,2025-12-06,2026-03-06,ranging/high-vol,0,0,0,0.00,0.00,0,0,""
JD50,2026-01-05,2026-04-05,ranging/high-vol,1,1,0,0.77,0.00,7.73,0,"EOD_MARK:1"
JD50,2026-02-04,2026-05-05,ranging/high-vol,1,1,0,1.60,0.00,16,0,"TP:1"
JD50,2026-03-06,2026-06-04,ranging/high-vol,3,2,1,2.35,0.36,19.93,3.12,"TP:1 BIAS_REVERSAL:1 EOD_MARK:1"
JD50,2026-04-05,2026-07-04,trending/high-vol,7,4,3,6.40,1.24,51.61,5.47,"BIAS_REVERSAL:1 TP:4 SL:1 EOD_MARK:1"
JD75,2025-07-09,2025-10-07,ranging/high-vol,3,0,3,0.00,1.28,-12.84,12.84,"SL:1 BIAS_REVERSAL:2"
JD75,2025-08-08,2025-11-06,ranging/high-vol,3,1,2,0.40,0.82,-4.18,8.18,"SL:1 BIAS_REVERSAL:1 EOD_MARK:1"
JD75,2025-09-07,2025-12-06,ranging/high-vol,4,1,3,0.81,1.76,-9.53,9.58,"SL:2 BIAS_REVERSAL:2"
JD75,2025-10-07,2026-01-05,ranging/high-vol,5,2,3,0.94,1.84,-9.02,15.8,"BIAS_REVERSAL:3 SL:1 EOD_MARK:1"
JD75,2025-11-06,2026-02-04,ranging/high-vol,5,2,3,0.31,2.21,-18.97,20.36,"BIAS_REVERSAL:4 SL:1"
JD75,2025-12-06,2026-03-06,ranging/high-vol,4,1,3,0.13,2.21,-20.72,20.72,"BIAS_REVERSAL:3 SL:1"
JD75,2026-01-05,2026-04-05,ranging/high-vol,2,0,2,0.00,1.60,-16,16,"SL:2"
JD75,2026-02-04,2026-05-05,ranging/high-vol,3,0,3,0.00,1.89,-18.85,18.85,"SL:2 BIAS_REVERSAL:1"
JD75,2026-03-06,2026-06-04,ranging/high-vol,3,1,2,1.03,1.09,-0.56,10.85,"SL:1 BIAS_REVERSAL:1 EOD_MARK:1"
JD75,2026-04-05,2026-07-04,ranging/high-vol,2,1,1,1.60,0.29,13.15,2.85,"BIAS_REVERSAL:1 TP:1"
JD100,2025-07-09,2025-10-07,trending/high-vol,8,3,5,4.37,3.28,10.89,13.88,"SL:4 TP:2 BIAS_REVERSAL:1 EOD_MARK:1"
JD100,2025-08-08,2025-11-06,ranging/high-vol,6,2,4,2.72,2.48,2.44,14.92,"SL:3 BIAS_REVERSAL:2 TP:1"
JD100,2025-09-07,2025-12-06,ranging/high-vol,1,1,0,1.12,0.00,11.2,0,"BIAS_REVERSAL:1"
JD100,2025-10-07,2026-01-05,ranging/high-vol,2,1,1,0.13,0.59,-4.63,5.93,"BIAS_REVERSAL:1 EOD_MARK:1"
JD100,2025-11-06,2026-02-04,ranging/high-vol,4,3,1,4.30,0.59,37.06,5.93,"BIAS_REVERSAL:1 TP:2 EOD_MARK:1"
JD100,2025-12-06,2026-03-06,trending/high-vol,6,3,3,3.58,1.51,20.72,7.05,"BIAS_REVERSAL:4 TP:2"
JD100,2026-01-05,2026-04-05,ranging/high-vol,5,2,3,3.20,1.90,12.96,14.42,"TP:2 SL:2 BIAS_REVERSAL:1"
JD100,2026-02-04,2026-05-05,ranging/high-vol,3,1,2,0.05,0.92,-8.67,9.16,"BIAS_REVERSAL:2 EOD_MARK:1"
JD100,2026-03-06,2026-06-04,ranging/high-vol,3,1,2,1.60,1.25,3.52,10.76,"TP:1 SL:1 EOD_MARK:1"
JD100,2026-04-05,2026-07-04,ranging/high-vol,4,2,2,3.20,1.60,16,6.9,"TP:2 SL:2"
STPRNG,2025-07-09,2025-10-07,ranging/low-vol,3,1,2,0.02,0.25,-2.24,2.45,"BIAS_REVERSAL:2 EOD_MARK:1"
STPRNG,2025-08-08,2025-11-06,ranging/low-vol,2,1,1,0.04,0.20,-1.55,1.99,"BIAS_REVERSAL:2"
STPRNG,2025-09-07,2025-12-06,ranging/low-vol,1,1,0,0.04,0.00,0.45,0,"BIAS_REVERSAL:1"
STPRNG,2025-10-07,2026-01-05,ranging/low-vol,1,1,0,0.05,0.00,0.54,0,"EOD_MARK:1"
STPRNG,2025-11-06,2026-02-04,ranging/low-vol,1,1,0,0.03,0.00,0.3,0,"BIAS_REVERSAL:1"
STPRNG,2025-12-06,2026-03-06,ranging/low-vol,2,1,1,0.03,0.18,-1.5,1.79,"BIAS_REVERSAL:2"
STPRNG,2026-01-05,2026-04-05,ranging/med-vol,2,0,2,0.00,0.30,-3,3,"BIAS_REVERSAL:2"
STPRNG,2026-02-04,2026-05-05,ranging/low-vol,2,0,2,0.00,0.24,-2.35,2.35,"BIAS_REVERSAL:1 EOD_MARK:1"
STPRNG,2026-03-06,2026-06-04,ranging/low-vol,1,0,1,0.00,0.11,-1.11,1.11,"BIAS_REVERSAL:1"
STPRNG,2026-04-05,2026-07-04,ranging/low-vol,2,0,2,0.00,0.18,-1.79,1.79,"BIAS_REVERSAL:2"
STPRNG2,2025-07-09,2025-10-07,ranging/med-vol,3,1,2,0.26,0.23,0.36,2.2,"BIAS_REVERSAL:3"
STPRNG2,2025-08-08,2025-11-06,ranging/med-vol,4,1,3,0.25,0.23,0.18,2.26,"BIAS_REVERSAL:3 EOD_MARK:1"
STPRNG2,2025-09-07,2025-12-06,ranging/med-vol,4,1,3,0.25,0.55,-3.03,3.25,"BIAS_REVERSAL:4"
STPRNG2,2025-10-07,2026-01-05,ranging/med-vol,4,1,3,0.25,0.42,-1.7,4.07,"BIAS_REVERSAL:4"
STPRNG2,2025-11-06,2026-02-04,ranging/med-vol,3,0,3,0.00,0.35,-3.52,3.52,"BIAS_REVERSAL:3"
STPRNG2,2025-12-06,2026-03-06,ranging/med-vol,3,1,2,0.16,0.09,0.67,0.92,"BIAS_REVERSAL:3"
STPRNG2,2026-01-05,2026-04-05,ranging/med-vol,1,1,0,0.14,0.00,1.39,0,"BIAS_REVERSAL:1"
STPRNG2,2026-02-04,2026-05-05,ranging/med-vol,0,0,0,0.00,0.00,0,0,""
STPRNG2,2026-03-06,2026-06-04,ranging/med-vol,0,0,0,0.00,0.00,0,0,""
STPRNG2,2026-04-05,2026-07-04,ranging/med-vol,0,0,0,0.00,0.00,0,0,""
STPRNG3,2025-07-09,2025-10-07,ranging/med-vol,4,4,0,0.77,0.00,7.71,0,"BIAS_REVERSAL:4"
STPRNG3,2025-08-08,2025-11-06,ranging/med-vol,3,3,0,0.75,0.00,7.48,0,"BIAS_REVERSAL:2 EOD_MARK:1"
STPRNG3,2025-09-07,2025-12-06,ranging/med-vol,4,3,1,0.19,0.20,-0.13,1.99,"BIAS_REVERSAL:3 EOD_MARK:1"
STPRNG3,2025-10-07,2026-01-05,ranging/med-vol,2,2,0,0.49,0.00,4.89,0,"BIAS_REVERSAL:2"
STPRNG3,2025-11-06,2026-02-04,ranging/med-vol,2,1,1,0.44,0.19,2.53,1.8,"BIAS_REVERSAL:2"
STPRNG3,2025-12-06,2026-03-06,ranging/med-vol,3,1,2,0.22,0.22,-0.02,2.2,"BIAS_REVERSAL:2 EOD_MARK:1"
STPRNG3,2026-01-05,2026-04-05,ranging/med-vol,2,0,2,0.00,0.42,-4.16,4.16,"BIAS_REVERSAL:2"
STPRNG3,2026-02-04,2026-05-05,ranging/med-vol,2,0,2,0.00,0.53,-5.26,5.26,"BIAS_REVERSAL:2"
STPRNG3,2026-03-06,2026-06-04,ranging/med-vol,2,1,1,0.20,0.30,-0.95,2.97,"BIAS_REVERSAL:1 EOD_MARK:1"
STPRNG3,2026-04-05,2026-07-04,ranging/med-vol,2,1,1,0.72,0.30,4.22,2.97,"BIAS_REVERSAL:2"
STPRNG4,2025-07-09,2025-10-07,ranging/high-vol,3,0,3,0.00,0.79,-7.88,7.88,"BIAS_REVERSAL:3"
STPRNG4,2025-08-08,2025-11-06,trending/high-vol,2,1,1,0.65,0.19,4.59,1.86,"BIAS_REVERSAL:1 EOD_MARK:1"
STPRNG4,2025-09-07,2025-12-06,trending/high-vol,2,1,1,1.60,0.30,12.96,2.62,"TP:1 EOD_MARK:1"
STPRNG4,2025-10-07,2026-01-05,ranging/high-vol,2,1,1,0.86,0.80,0.64,7.36,"BIAS_REVERSAL:1 SL:1"
STPRNG4,2025-11-06,2026-02-04,ranging/high-vol,2,1,1,0.30,0.80,-4.95,7.76,"BIAS_REVERSAL:1 SL:1"
STPRNG4,2025-12-06,2026-03-06,ranging/high-vol,2,1,1,0.93,0.80,1.34,8,"SL:1 EOD_MARK:1"
STPRNG4,2026-01-05,2026-04-05,ranging/high-vol,2,1,1,1.60,0.37,12.28,3.21,"TP:1 BIAS_REVERSAL:1"
STPRNG4,2026-02-04,2026-05-05,ranging/high-vol,2,1,1,1.60,0.37,12.28,3.21,"TP:1 BIAS_REVERSAL:1"
STPRNG4,2026-03-06,2026-06-04,ranging/high-vol,1,1,0,0.22,0.00,2.2,0,"BIAS_REVERSAL:1"
STPRNG4,2026-04-05,2026-07-04,ranging/high-vol,1,1,0,0.59,0.00,5.94,0,"EOD_MARK:1"
STPRNG5,2025-07-09,2025-10-07,ranging/high-vol,3,0,3,0.00,1.68,-16.83,16.83,"SL:1 BIAS_REVERSAL:2"
STPRNG5,2025-08-08,2025-11-06,ranging/high-vol,2,1,1,0.08,0.46,-3.81,4.57,"BIAS_REVERSAL:2"
STPRNG5,2025-09-07,2025-12-06,ranging/high-vol,2,1,1,0.08,0.56,-4.88,5.64,"BIAS_REVERSAL:2"
STPRNG5,2025-10-07,2026-01-05,ranging/high-vol,1,0,1,0.00,0.28,-2.8,2.8,"EOD_MARK:1"
STPRNG5,2025-11-06,2026-02-04,ranging/high-vol,1,0,1,0.00,0.80,-8,8,"SL:1"
STPRNG5,2025-12-06,2026-03-06,ranging/high-vol,1,0,1,0.00,0.80,-8,8,"SL:1"
STPRNG5,2026-01-05,2026-04-05,ranging/high-vol,1,0,1,0.00,0.80,-8,8,"SL:1"
STPRNG5,2026-02-04,2026-05-05,ranging/high-vol,2,0,2,0.00,1.60,-16,16,"SL:2"
STPRNG5,2026-03-06,2026-06-04,ranging/high-vol,3,1,2,0.59,1.60,-10.1,16,"SL:2 EOD_MARK:1"
STPRNG5,2026-04-05,2026-07-04,ranging/high-vol,4,2,2,3.20,1.60,16,8,"SL:2 TP:2"
R_10,2025-07-09,2025-10-07,ranging/med-vol,3,0,3,0.00,0.25,-2.53,2.53,"BIAS_REVERSAL:3"
R_10,2025-08-08,2025-11-06,ranging/med-vol,1,1,0,0.24,0.00,2.37,0,"BIAS_REVERSAL:1"
R_10,2025-09-07,2025-12-06,ranging/med-vol,1,0,1,0.00,0.03,-0.34,0.34,"EOD_MARK:1"
R_10,2025-10-07,2026-01-05,ranging/med-vol,2,1,1,0.26,0.08,1.9,0.75,"BIAS_REVERSAL:1 EOD_MARK:1"
R_10,2025-11-06,2026-02-04,ranging/med-vol,3,2,1,0.37,0.08,2.92,0.75,"BIAS_REVERSAL:2 EOD_MARK:1"
R_10,2025-12-06,2026-03-06,trending/med-vol,2,2,0,0.97,0.00,9.69,0,"BIAS_REVERSAL:1 EOD_MARK:1"
R_10,2026-01-05,2026-04-05,trending/med-vol,2,1,1,0.66,0.28,3.75,2.64,"BIAS_REVERSAL:1 EOD_MARK:1"
R_10,2026-02-04,2026-05-05,ranging/med-vol,3,1,2,0.41,0.50,-0.91,4.82,"BIAS_REVERSAL:3"
R_10,2026-03-06,2026-06-04,ranging/med-vol,3,0,3,0.00,0.67,-6.68,6.68,"BIAS_REVERSAL:3"
R_10,2026-04-05,2026-07-04,ranging/med-vol,2,0,2,0.00,0.19,-1.89,1.89,"BIAS_REVERSAL:2"
R_25,2025-07-09,2025-10-07,ranging/high-vol,4,2,2,0.23,0.48,-2.54,3.44,"BIAS_REVERSAL:3 EOD_MARK:1"
R_25,2025-08-08,2025-11-06,ranging/high-vol,1,1,0,0.41,0.00,4.06,0,"EOD_MARK:1"
R_25,2025-09-07,2025-12-06,trending/high-vol,1,0,1,0.00,0.42,-4.17,4.17,"BIAS_REVERSAL:1"
R_25,2025-10-07,2026-01-05,ranging/high-vol,3,1,2,0.22,1.45,-12.28,14.52,"BIAS_REVERSAL:2 SL:1"
R_25,2025-11-06,2026-02-04,ranging/high-vol,3,2,1,1.00,0.80,1.99,8,"SL:1 BIAS_REVERSAL:1 EOD_MARK:1"
R_25,2025-12-06,2026-03-06,ranging/high-vol,3,1,2,1.60,0.38,12.17,2.82,"BIAS_REVERSAL:2 TP:1"
R_25,2026-01-05,2026-04-05,ranging/high-vol,2,2,0,1.80,0.00,18.02,0,"BIAS_REVERSAL:1 EOD_MARK:1"
R_25,2026-02-04,2026-05-05,ranging/high-vol,2,2,0,0.99,0.00,9.88,0,"BIAS_REVERSAL:2"
R_25,2026-03-06,2026-06-04,ranging/high-vol,2,2,0,0.86,0.00,8.59,0,"BIAS_REVERSAL:1 EOD_MARK:1"
R_25,2026-04-05,2026-07-04,ranging/high-vol,3,1,2,0.22,1.10,-8.83,8.83,"BIAS_REVERSAL:2 SL:1"
R_50,2025-07-09,2025-10-07,ranging/high-vol,6,1,5,0.73,1.51,-7.8,9.77,"SL:1 BIAS_REVERSAL:5"
R_50,2025-08-08,2025-11-06,ranging/high-vol,3,0,3,0.00,1.56,-15.57,15.57,"BIAS_REVERSAL:2 SL:1"
R_50,2025-09-07,2025-12-06,ranging/high-vol,2,0,2,0.00,1.60,-16,16,"SL:2"
R_50,2025-10-07,2026-01-05,ranging/high-vol,2,0,2,0.00,0.87,-8.75,8.75,"SL:1 BIAS_REVERSAL:1"
R_50,2025-11-06,2026-02-04,ranging/high-vol,3,0,3,0.00,1.34,-13.45,13.45,"SL:1 BIAS_REVERSAL:2"
R_50,2025-12-06,2026-03-06,ranging/high-vol,3,0,3,0.00,1.34,-13.45,13.45,"SL:1 BIAS_REVERSAL:2"
R_50,2026-01-05,2026-04-05,trending/high-vol,3,2,1,2.31,0.47,18.45,4.7,"BIAS_REVERSAL:1 TP:1 EOD_MARK:1"
R_50,2026-02-04,2026-05-05,trending/high-vol,5,3,2,3.56,1.60,19.56,12.12,"TP:2 SL:2 EOD_MARK:1"
R_50,2026-03-06,2026-06-04,ranging/high-vol,3,2,1,1.66,0.80,8.62,6.9,"TP:1 SL:1 EOD_MARK:1"
R_50,2026-04-05,2026-07-04,ranging/high-vol,2,0,2,0.00,1.14,-11.43,11.43,"SL:1 BIAS_REVERSAL:1"
R_75,2025-07-09,2025-10-07,trending/high-vol,5,3,2,1.38,0.38,10.01,3.56,"BIAS_REVERSAL:4 EOD_MARK:1"
R_75,2025-08-08,2025-11-06,trending/high-vol,4,3,1,2.68,0.02,26.59,0.17,"BIAS_REVERSAL:2 TP:1 EOD_MARK:1"
R_75,2025-09-07,2025-12-06,ranging/high-vol,3,2,1,2.64,0.02,26.22,0.19,"BIAS_REVERSAL:2 TP:1"
R_75,2025-10-07,2026-01-05,ranging/high-vol,3,2,1,1.86,0.61,12.5,5.13,"TP:1 BIAS_REVERSAL:1 EOD_MARK:1"
R_75,2025-11-06,2026-02-04,ranging/high-vol,3,1,2,0.32,0.86,-5.39,8.36,"BIAS_REVERSAL:1 SL:1 EOD_MARK:1"
R_75,2025-12-06,2026-03-06,ranging/high-vol,3,0,3,0.00,1.59,-15.92,15.92,"SL:1 BIAS_REVERSAL:1 EOD_MARK:1"
R_75,2026-01-05,2026-04-05,ranging/high-vol,2,0,2,0.00,1.00,-9.95,9.95,"BIAS_REVERSAL:2"
R_75,2026-02-04,2026-05-05,ranging/high-vol,2,0,2,0.00,1.38,-13.84,13.84,"SL:1 BIAS_REVERSAL:1"
R_75,2026-03-06,2026-06-04,ranging/high-vol,1,0,1,0.00,0.80,-8,8,"SL:1"
R_75,2026-04-05,2026-07-04,ranging/high-vol,2,1,1,1.60,0.00,15.98,0.02,"TP:1 EOD_MARK:1"
R_100,2025-07-09,2025-10-07,ranging/high-vol,3,1,2,0.13,1.31,-11.76,13.11,"BIAS_REVERSAL:1 SL:1 EOD_MARK:1"
R_100,2025-08-08,2025-11-06,ranging/high-vol,2,1,1,0.67,0.80,-1.34,8,"SL:1 EOD_MARK:1"
R_100,2025-09-07,2025-12-06,ranging/high-vol,3,1,2,1.60,1.60,0,16,"SL:2 TP:1"
R_100,2025-10-07,2026-01-05,ranging/high-vol,2,1,1,1.60,0.80,8,6.9,"TP:1 SL:1"
R_100,2025-11-06,2026-02-04,ranging/high-vol,3,2,1,1.70,0.80,8.97,8,"SL:1 TP:1 EOD_MARK:1"
R_100,2025-12-06,2026-03-06,ranging/high-vol,4,2,2,1.82,1.21,6.1,8,"SL:1 TP:1 BIAS_REVERSAL:1 EOD_MARK:1"
R_100,2026-01-05,2026-04-05,ranging/high-vol,4,2,2,3.20,1.21,19.86,6.26,"TP:2 BIAS_REVERSAL:1 SL:1"
R_100,2026-02-04,2026-05-05,ranging/high-vol,3,1,2,1.60,1.42,1.79,12.25,"TP:1 SL:1 BIAS_REVERSAL:1"
R_100,2026-03-06,2026-06-04,ranging/high-vol,3,2,1,0.82,0.62,1.99,6.14,"BIAS_REVERSAL:2 EOD_MARK:1"
R_100,2026-04-05,2026-07-04,ranging/high-vol,3,2,1,0.72,0.62,0.95,6.21,"BIAS_REVERSAL:3"
1HZ10V,2025-07-09,2025-10-07,ranging/med-vol,3,2,1,0.21,0.02,1.84,0.24,"BIAS_REVERSAL:2 EOD_MARK:1"
1HZ10V,2025-08-08,2025-11-06,ranging/med-vol,2,1,1,0.20,0.02,1.8,0.2,"BIAS_REVERSAL:2"
1HZ10V,2025-09-07,2025-12-06,ranging/med-vol,3,0,3,0.00,0.38,-3.84,3.84,"BIAS_REVERSAL:3"
1HZ10V,2025-10-07,2026-01-05,ranging/med-vol,1,0,1,0.00,0.26,-2.58,2.58,"BIAS_REVERSAL:1"
1HZ10V,2025-11-06,2026-02-04,ranging/med-vol,1,0,1,0.00,0.26,-2.58,2.58,"BIAS_REVERSAL:1"
1HZ10V,2025-12-06,2026-03-06,ranging/med-vol,1,1,0,0.37,0.00,3.73,0,"EOD_MARK:1"
1HZ10V,2026-01-05,2026-04-05,ranging/med-vol,2,1,1,0.63,0.00,6.25,0.03,"BIAS_REVERSAL:1 EOD_MARK:1"
1HZ10V,2026-02-04,2026-05-05,trending/med-vol,2,2,0,0.68,0.00,6.76,0,"BIAS_REVERSAL:1 EOD_MARK:1"
1HZ10V,2026-03-06,2026-06-04,ranging/med-vol,2,2,0,0.12,0.00,1.16,0,"BIAS_REVERSAL:2"
1HZ10V,2026-04-05,2026-07-04,ranging/med-vol,1,0,1,0.00,0.04,-0.44,0.44,"BIAS_REVERSAL:1"
1HZ15V,2025-07-09,2025-10-07,trending/med-vol,4,1,3,0.80,0.70,1.03,6.87,"BIAS_REVERSAL:4"
1HZ15V,2025-08-08,2025-11-06,ranging/med-vol,2,1,1,0.68,0.01,6.63,0.14,"BIAS_REVERSAL:2"
1HZ15V,2025-09-07,2025-12-06,ranging/med-vol,1,0,1,0.00,0.01,-0.14,0.14,"BIAS_REVERSAL:1"
1HZ15V,2025-10-07,2026-01-05,ranging/med-vol,1,1,0,0.00,0.00,0.01,0,"EOD_MARK:1"
1HZ15V,2025-11-06,2026-02-04,ranging/med-vol,1,1,0,0.29,0.00,2.9,0,"EOD_MARK:1"
1HZ15V,2025-12-06,2026-03-06,ranging/med-vol,1,1,0,0.07,0.00,0.69,0,"BIAS_REVERSAL:1"
1HZ15V,2026-01-05,2026-04-05,ranging/med-vol,2,1,1,0.16,0.13,0.34,1.27,"BIAS_REVERSAL:2"
1HZ15V,2026-02-04,2026-05-05,ranging/med-vol,2,0,2,0.00,0.42,-4.24,4.24,"BIAS_REVERSAL:2"
1HZ15V,2026-03-06,2026-06-04,ranging/med-vol,3,0,3,0.00,0.76,-7.56,7.56,"BIAS_REVERSAL:3"
1HZ15V,2026-04-05,2026-07-04,ranging/med-vol,3,0,3,0.00,0.73,-7.28,7.28,"BIAS_REVERSAL:3"
1HZ25V,2025-07-09,2025-10-07,ranging/high-vol,2,1,1,0.83,0.29,5.37,2.7,"BIAS_REVERSAL:2"
1HZ25V,2025-08-08,2025-11-06,ranging/high-vol,2,0,2,0.00,0.72,-7.19,7.19,"BIAS_REVERSAL:1 EOD_MARK:1"
1HZ25V,2025-09-07,2025-12-06,ranging/high-vol,3,0,3,0.00,1.10,-10.99,10.99,"BIAS_REVERSAL:2 EOD_MARK:1"
1HZ25V,2025-10-07,2026-01-05,ranging/high-vol,2,0,2,0.00,1.41,-14.06,14.06,"BIAS_REVERSAL:1 SL:1"
1HZ25V,2025-11-06,2026-02-04,ranging/high-vol,2,0,2,0.00,0.91,-9.13,9.13,"SL:1 EOD_MARK:1"
1HZ25V,2025-12-06,2026-03-06,ranging/high-vol,2,1,1,0.01,0.64,-6.32,6.37,"BIAS_REVERSAL:1 EOD_MARK:1"
1HZ25V,2026-01-05,2026-04-05,ranging/high-vol,2,0,2,0.00,0.91,-9.12,9.12,"BIAS_REVERSAL:2"
1HZ25V,2026-02-04,2026-05-05,ranging/high-vol,1,0,1,0.00,0.28,-2.75,2.75,"BIAS_REVERSAL:1"
1HZ25V,2026-03-06,2026-06-04,ranging/high-vol,2,0,2,0.00,0.91,-9.14,9.14,"BIAS_REVERSAL:2"
1HZ25V,2026-04-05,2026-07-04,ranging/high-vol,2,0,2,0.00,0.83,-8.27,8.27,"BIAS_REVERSAL:2"
1HZ50V,2025-07-09,2025-10-07,ranging/high-vol,5,1,4,1.60,3.20,-16,22.22,"SL:4 TP:1"
1HZ50V,2025-08-08,2025-11-06,ranging/high-vol,2,0,2,0.00,1.60,-16,16,"SL:2"
1HZ50V,2025-09-07,2025-12-06,ranging/high-vol,2,1,1,0.71,0.80,-0.85,8,"SL:1 EOD_MARK:1"
1HZ50V,2025-10-07,2026-01-05,ranging/high-vol,2,1,1,1.60,0.21,13.92,1.8,"TP:1 EOD_MARK:1"
1HZ50V,2025-11-06,2026-02-04,ranging/high-vol,2,1,1,1.60,0.80,8,6.9,"TP:1 SL:1"
1HZ50V,2025-12-06,2026-03-06,ranging/high-vol,3,2,1,2.15,0.80,13.48,6.9,"TP:1 SL:1 EOD_MARK:1"
1HZ50V,2026-01-05,2026-04-05,ranging/high-vol,4,2,2,3.20,1.00,22.01,7.57,"TP:2 SL:1 EOD_MARK:1"
1HZ50V,2026-02-04,2026-05-05,ranging/high-vol,5,3,2,3.35,1.60,17.51,12.12,"TP:2 SL:2 EOD_MARK:1"
1HZ50V,2026-03-06,2026-06-04,ranging/high-vol,4,1,3,1.60,2.10,-4.98,18.09,"TP:1 SL:2 BIAS_REVERSAL:1"
1HZ50V,2026-04-05,2026-07-04,ranging/high-vol,3,1,2,1.44,1.30,1.39,12.98,"BIAS_REVERSAL:1 SL:1 EOD_MARK:1"
1HZ75V,2025-07-09,2025-10-07,ranging/high-vol,1,0,1,0.00,0.80,-8,8,"SL:1"
1HZ75V,2025-08-08,2025-11-06,ranging/high-vol,2,0,2,0.00,0.51,-5.1,5.1,"BIAS_REVERSAL:1 EOD_MARK:1"
1HZ75V,2025-09-07,2025-12-06,ranging/high-vol,2,0,2,0.00,0.82,-8.17,8.17,"BIAS_REVERSAL:2"
1HZ75V,2025-10-07,2026-01-05,ranging/high-vol,3,0,3,0.00,1.62,-16.17,16.17,"BIAS_REVERSAL:2 SL:1"
1HZ75V,2025-11-06,2026-02-04,ranging/high-vol,3,0,3,0.00,2.24,-22.45,22.45,"BIAS_REVERSAL:2 SL:1"
1HZ75V,2025-12-06,2026-03-06,ranging/high-vol,2,0,2,0.00,1.47,-14.74,14.74,"SL:1 BIAS_REVERSAL:1"
1HZ75V,2026-01-05,2026-04-05,ranging/high-vol,2,1,1,0.90,0.50,4.01,5,"BIAS_REVERSAL:1 EOD_MARK:1"
1HZ75V,2026-02-04,2026-05-05,ranging/high-vol,4,2,2,2.59,1.00,15.98,5,"BIAS_REVERSAL:2 TP:1 EOD_MARK:1"
1HZ75V,2026-03-06,2026-06-04,ranging/high-vol,6,2,4,2.74,2.10,6.41,9.37,"BIAS_REVERSAL:5 TP:1"
1HZ75V,2026-04-05,2026-07-04,ranging/high-vol,4,1,3,1.14,1.31,-1.71,10.07,"BIAS_REVERSAL:4"
1HZ90V,2025-07-09,2025-10-07,ranging/high-vol,3,0,3,0.00,1.35,-13.49,13.49,"SL:1 BIAS_REVERSAL:2"
1HZ90V,2025-08-08,2025-11-06,ranging/high-vol,3,1,2,0.10,0.55,-4.47,5.49,"BIAS_REVERSAL:2 EOD_MARK:1"
1HZ90V,2025-09-07,2025-12-06,ranging/high-vol,3,0,3,0.00,1.26,-12.57,12.57,"BIAS_REVERSAL:2 SL:1"
1HZ90V,2025-10-07,2026-01-05,ranging/high-vol,3,0,3,0.00,1.46,-14.61,14.61,"SL:1 BIAS_REVERSAL:2"
1HZ90V,2025-11-06,2026-02-04,ranging/high-vol,3,0,3,0.00,0.75,-7.53,7.53,"BIAS_REVERSAL:2 EOD_MARK:1"
1HZ90V,2025-12-06,2026-03-06,ranging/high-vol,1,1,0,0.01,0.00,0.07,0,"EOD_MARK:1"
1HZ90V,2026-01-05,2026-04-05,ranging/high-vol,1,0,1,0.00,0.15,-1.47,1.47,"BIAS_REVERSAL:1"
1HZ90V,2026-02-04,2026-05-05,ranging/high-vol,2,1,1,0.32,0.57,-2.44,5.65,"BIAS_REVERSAL:1 EOD_MARK:1"
1HZ90V,2026-03-06,2026-06-04,ranging/high-vol,3,1,2,0.73,0.95,-2.19,8.87,"BIAS_REVERSAL:2 SL:1"
1HZ90V,2026-04-05,2026-07-04,ranging/high-vol,3,1,2,0.73,0.95,-2.19,8.87,"BIAS_REVERSAL:2 SL:1"
1HZ100V,2025-07-09,2025-10-07,ranging/high-vol,3,1,2,0.21,1.60,-13.94,15.68,"BIAS_REVERSAL:1 SL:2"
1HZ100V,2025-08-08,2025-11-06,ranging/high-vol,1,0,1,0.00,0.80,-8,8,"SL:1"
1HZ100V,2025-09-07,2025-12-06,ranging/high-vol,1,0,1,0.00,0.80,-8,8,"SL:1"
1HZ100V,2025-10-07,2026-01-05,ranging/high-vol,1,0,1,0.00,0.80,-8,8,"SL:1"
1HZ100V,2025-11-06,2026-02-04,ranging/high-vol,3,1,2,1.60,0.82,7.79,8,"SL:1 TP:1 EOD_MARK:1"
1HZ100V,2025-12-06,2026-03-06,ranging/high-vol,3,1,2,1.60,1.60,0,8,"SL:2 TP:1"
1HZ100V,2026-01-05,2026-04-05,ranging/high-vol,2,1,1,1.60,0.80,8,6.9,"TP:1 SL:1"
1HZ100V,2026-02-04,2026-05-05,ranging/high-vol,1,0,1,0.00,0.80,-8,8,"SL:1"
1HZ100V,2026-03-06,2026-06-04,ranging/high-vol,2,0,2,0.00,0.91,-9.13,9.13,"SL:1 EOD_MARK:1"
1HZ100V,2026-04-05,2026-07-04,ranging/high-vol,2,1,1,0.27,0.80,-5.27,8,"SL:1 BIAS_REVERSAL:1"